-- inserts core.area_conocimiento
INSERT INTO core.area_conocimiento(id,nombre, descripcion, codigo_abreviacion, activo, numero_orden, fecha_creacion,fecha_modificacion) VALUES (1,'AGRONOMIA VETERINARIA Y AFINES','AGRONOMIA VETERINARIA Y AFINES',1, true,1, now(), now());
INSERT INTO core.area_conocimiento(id,nombre, descripcion, codigo_abreviacion, activo, numero_orden, fecha_creacion,fecha_modificacion) VALUES (2,'BELLAS ARTES','BELLAS ARTES',2, true,2, now(), now());
INSERT INTO core.area_conocimiento(id,nombre, descripcion, codigo_abreviacion, activo, numero_orden, fecha_creacion,fecha_modificacion) VALUES (3,'CIENCIAS DE LA EDUCACION','CIENCIAS DE LA EDUCACION',3, true,3, now(), now());
INSERT INTO core.area_conocimiento(id,nombre, descripcion, codigo_abreviacion, activo, numero_orden, fecha_creacion,fecha_modificacion) VALUES (4,'CIENCIAS DE LA SALUD','CIENCIAS DE LA SALUD',4, true,4, now(), now());
INSERT INTO core.area_conocimiento(id,nombre, descripcion, codigo_abreviacion, activo, numero_orden, fecha_creacion,fecha_modificacion) VALUES (5,'CIENCIAS SOCIALES Y HUMANAS','CIENCIAS SOCIALES Y HUMANAS',5, true,5, now(), now());
INSERT INTO core.area_conocimiento(id,nombre, descripcion, codigo_abreviacion, activo, numero_orden, fecha_creacion,fecha_modificacion) VALUES (6,'ECONOMIA, ADMINISTRACION, CONTADURIA Y AFINES','ECONOMIA, ADMINISTRACION, CONTADURIA Y AFINES',6, true,6, now(), now());
INSERT INTO core.area_conocimiento(id,nombre, descripcion, codigo_abreviacion, activo, numero_orden, fecha_creacion,fecha_modificacion) VALUES (7,'INGENIERIA, ARQUITECTURA, URBANISMO Y AFINES','INGENIERIA, ARQUITECTURA, URBANISMO Y AFINES',7, true,7, now(), now());
INSERT INTO core.area_conocimiento(id,nombre, descripcion, codigo_abreviacion, activo, numero_orden, fecha_creacion,fecha_modificacion) VALUES (8,'MATEMATICAS Y CIENCIAS NATURALES','MATEMATICAS Y CIENCIAS NATURALES',8, true,8, now(), now());
INSERT INTO core.area_conocimiento(id,nombre, descripcion, codigo_abreviacion, activo, numero_orden, fecha_creacion,fecha_modificacion) VALUES (9,'SIN CLASIFICAR','SIN CLASIFICAR',14, true,9, now(), now());

-- inserts core.nucleo_basico_conocimiento
INSERT INTO core.nucleo_basico_conocimiento(id,nombre, area_conocimiento_id, descripcion, codigo_abreviacion, activo, numero_orden, fecha_creacion,fecha_modificacion) VALUES (1,'ZOOTECNIA',1,'ZOOTECNIA', 12,true,1, now(), now());
INSERT INTO core.nucleo_basico_conocimiento(id,nombre, area_conocimiento_id, descripcion, codigo_abreviacion, activo, numero_orden, fecha_creacion,fecha_modificacion) VALUES (2,'MEDICINA VETERINARIA',1,'MEDICINA VETERINARIA', 13,true,2, now(), now());
INSERT INTO core.nucleo_basico_conocimiento(id,nombre, area_conocimiento_id, descripcion, codigo_abreviacion, activo, numero_orden, fecha_creacion,fecha_modificacion) VALUES (3,'ARTES PLASTICAS, VISUALES Y AFINES',2,'ARTES PLASTICAS, VISUALES Y AFINES', 24,true,3, now(), now());
INSERT INTO core.nucleo_basico_conocimiento(id,nombre, area_conocimiento_id, descripcion, codigo_abreviacion, activo, numero_orden, fecha_creacion,fecha_modificacion) VALUES (4,'ARTES REPRESENTATIVAS',2,'ARTES REPRESENTATIVAS', 25,true,4, now(), now());
INSERT INTO core.nucleo_basico_conocimiento(id,nombre, area_conocimiento_id, descripcion, codigo_abreviacion, activo, numero_orden, fecha_creacion,fecha_modificacion) VALUES (5,'PUBLICIDAD Y AFINES',2,'PUBLICIDAD Y AFINES', 26,true,5, now(), now());
INSERT INTO core.nucleo_basico_conocimiento(id,nombre, area_conocimiento_id, descripcion, codigo_abreviacion, activo, numero_orden, fecha_creacion,fecha_modificacion) VALUES (6,'DISEÑO',2,'DISEÑO', 27,true,6, now(), now());
INSERT INTO core.nucleo_basico_conocimiento(id,nombre, area_conocimiento_id, descripcion, codigo_abreviacion, activo, numero_orden, fecha_creacion,fecha_modificacion) VALUES (7,'MUSICA',2,'MUSICA', 28,true,7, now(), now());
INSERT INTO core.nucleo_basico_conocimiento(id,nombre, area_conocimiento_id, descripcion, codigo_abreviacion, activo, numero_orden, fecha_creacion,fecha_modificacion) VALUES (8,'OTROS PROGRAMAS ASOCIADOS A BELLAS ARTES',2,'OTROS PROGRAMAS ASOCIADOS A BELLAS ARTES', 270,true,8, now(), now());
INSERT INTO core.nucleo_basico_conocimiento(id,nombre, area_conocimiento_id, descripcion, codigo_abreviacion, activo, numero_orden, fecha_creacion,fecha_modificacion) VALUES (9,'EDUCACION',3,'EDUCACION', 330,true,9, now(), now());
INSERT INTO core.nucleo_basico_conocimiento(id,nombre, area_conocimiento_id, descripcion, codigo_abreviacion, activo, numero_orden, fecha_creacion,fecha_modificacion) VALUES (10,'BACTERIOLOGIA',4,'BACTERIOLOGIA', 440,true,10, now(), now());
INSERT INTO core.nucleo_basico_conocimiento(id,nombre, area_conocimiento_id, descripcion, codigo_abreviacion, activo, numero_orden, fecha_creacion,fecha_modificacion) VALUES (11,'ENFERMERIA',4,'ENFERMERIA', 441,true,11, now(), now());
INSERT INTO core.nucleo_basico_conocimiento(id,nombre, area_conocimiento_id, descripcion, codigo_abreviacion, activo, numero_orden, fecha_creacion,fecha_modificacion) VALUES (12,'TERAPIAS',4,'TERAPIAS', 442,true,12, now(), now());
INSERT INTO core.nucleo_basico_conocimiento(id,nombre, area_conocimiento_id, descripcion, codigo_abreviacion, activo, numero_orden, fecha_creacion,fecha_modificacion) VALUES (13,'INSTRUMENTACION QUIRURGICA',4,'INSTRUMENTACION QUIRURGICA', 444,true,13, now(), now());
INSERT INTO core.nucleo_basico_conocimiento(id,nombre, area_conocimiento_id, descripcion, codigo_abreviacion, activo, numero_orden, fecha_creacion,fecha_modificacion) VALUES (14,'MEDICINA',4,'MEDICINA', 445,true,14, now(), now());
INSERT INTO core.nucleo_basico_conocimiento(id,nombre, area_conocimiento_id, descripcion, codigo_abreviacion, activo, numero_orden, fecha_creacion,fecha_modificacion) VALUES (15,'NUTRICION Y DIETETICA',4,'NUTRICION Y DIETETICA', 446,true,15, now(), now());
INSERT INTO core.nucleo_basico_conocimiento(id,nombre, area_conocimiento_id, descripcion, codigo_abreviacion, activo, numero_orden, fecha_creacion,fecha_modificacion) VALUES (16,'ODONTOLOGIA',4,'ODONTOLOGIA', 447,true,16, now(), now());
INSERT INTO core.nucleo_basico_conocimiento(id,nombre, area_conocimiento_id, descripcion, codigo_abreviacion, activo, numero_orden, fecha_creacion,fecha_modificacion) VALUES (17,'OPTOMETRIA, OTROS PROGRAMAS DE CIENCIAS DE LA SALUD',4,'OPTOMETRIA, OTROS PROGRAMAS DE CIENCIAS DE LA SALUD', 448,true,17, now(), now());
INSERT INTO core.nucleo_basico_conocimiento(id,nombre, area_conocimiento_id, descripcion, codigo_abreviacion, activo, numero_orden, fecha_creacion,fecha_modificacion) VALUES (18,'SALUD PUBLICA',4,'SALUD PUBLICA', 450,true,18, now(), now());
INSERT INTO core.nucleo_basico_conocimiento(id,nombre, area_conocimiento_id, descripcion, codigo_abreviacion, activo, numero_orden, fecha_creacion,fecha_modificacion) VALUES (19,'ANTROPOLOGIA, ARTES LIBERALES',5,'ANTROPOLOGIA, ARTES LIBERALES', 553,true,19, now(), now());
INSERT INTO core.nucleo_basico_conocimiento(id,nombre, area_conocimiento_id, descripcion, codigo_abreviacion, activo, numero_orden, fecha_creacion,fecha_modificacion) VALUES (20,'GEOGRAFIA, HISTORIA',5,'GEOGRAFIA, HISTORIA', 562,true,20, now(), now());
INSERT INTO core.nucleo_basico_conocimiento(id,nombre, area_conocimiento_id, descripcion, codigo_abreviacion, activo, numero_orden, fecha_creacion,fecha_modificacion) VALUES (21,'SOCIOLOGIA, TRABAJO SOCIAL Y AFINES',5,'SOCIOLOGIA, TRABAJO SOCIAL Y AFINES', 569,true,21, now(), now());
INSERT INTO core.nucleo_basico_conocimiento(id,nombre, area_conocimiento_id, descripcion, codigo_abreviacion, activo, numero_orden, fecha_creacion,fecha_modificacion) VALUES (22,'FILOSOFIA, TEOLOGIA Y AFINES',5,'FILOSOFIA, TEOLOGIA Y AFINES', 568,true,22, now(), now());
INSERT INTO core.nucleo_basico_conocimiento(id,nombre, area_conocimiento_id, descripcion, codigo_abreviacion, activo, numero_orden, fecha_creacion,fecha_modificacion) VALUES (23,'PSICOLOGIA',5,'PSICOLOGIA', 566,true,23, now(), now());
INSERT INTO core.nucleo_basico_conocimiento(id,nombre, area_conocimiento_id, descripcion, codigo_abreviacion, activo, numero_orden, fecha_creacion,fecha_modificacion) VALUES (24,'LENGUAS MODERNAS, LITERATURA, LINGUISTICA Y AFINES',5,'LENGUAS MODERNAS, LITERATURA, LINGUISTICA Y AFINES', 564,true,24, now(), now());
INSERT INTO core.nucleo_basico_conocimiento(id,nombre, area_conocimiento_id, descripcion, codigo_abreviacion, activo, numero_orden, fecha_creacion,fecha_modificacion) VALUES (25,'FORMACION RELACIONADA CON EL CAMPO MILITAR O POLICIAL',5,'FORMACION RELACIONADA CON EL CAMPO MILITAR O POLICIAL', 561,true,25, now(), now());
INSERT INTO core.nucleo_basico_conocimiento(id,nombre, area_conocimiento_id, descripcion, codigo_abreviacion, activo, numero_orden, fecha_creacion,fecha_modificacion) VALUES (26,'BIBLIOTECOLOGIA, OTROS DE CIENCIAS SOCIALES Y HUMANAS',5,'BIBLIOTECOLOGIA, OTROS DE CIENCIAS SOCIALES Y HUMANAS', 555,true,26, now(), now());
INSERT INTO core.nucleo_basico_conocimiento(id,nombre, area_conocimiento_id, descripcion, codigo_abreviacion, activo, numero_orden, fecha_creacion,fecha_modificacion) VALUES (27,'COMUNICACIÓN SOCIAL, PERIODISMO Y AFINES',5,'COMUNICACIÓN SOCIAL, PERIODISMO Y AFINES', 557,true,27, now(), now());
INSERT INTO core.nucleo_basico_conocimiento(id,nombre, area_conocimiento_id, descripcion, codigo_abreviacion, activo, numero_orden, fecha_creacion,fecha_modificacion) VALUES (28,'DEPORTES, EDUCACION FISICA Y RECREACION',5,'DEPORTES, EDUCACION FISICA Y RECREACION', 558,true,28, now(), now());
INSERT INTO core.nucleo_basico_conocimiento(id,nombre, area_conocimiento_id, descripcion, codigo_abreviacion, activo, numero_orden, fecha_creacion,fecha_modificacion) VALUES (29,'DERECHO Y AFINES',5,'DERECHO Y AFINES', 559,true,29, now(), now());
INSERT INTO core.nucleo_basico_conocimiento(id,nombre, area_conocimiento_id, descripcion, codigo_abreviacion, activo, numero_orden, fecha_creacion,fecha_modificacion) VALUES (30,'CIENCIA POLITICA, RELACIONES INTERNACIONALES',5,'CIENCIA POLITICA, RELACIONES INTERNACIONALES', 556,true,30, now(), now());
INSERT INTO core.nucleo_basico_conocimiento(id,nombre, area_conocimiento_id, descripcion, codigo_abreviacion, activo, numero_orden, fecha_creacion,fecha_modificacion) VALUES (31,'ADMINISTRACION',6,'ADMINISTRACION', 69,true,31, now(), now());
INSERT INTO core.nucleo_basico_conocimiento(id,nombre, area_conocimiento_id, descripcion, codigo_abreviacion, activo, numero_orden, fecha_creacion,fecha_modificacion) VALUES (32,'CONTADURIA PUBLICA',6,'CONTADURIA PUBLICA', 612,true,32, now(), now());
INSERT INTO core.nucleo_basico_conocimiento(id,nombre, area_conocimiento_id, descripcion, codigo_abreviacion, activo, numero_orden, fecha_creacion,fecha_modificacion) VALUES (33,'ECONOMIA',6,'ECONOMIA', 611,true,33, now(), now());
INSERT INTO core.nucleo_basico_conocimiento(id,nombre, area_conocimiento_id, descripcion, codigo_abreviacion, activo, numero_orden, fecha_creacion,fecha_modificacion) VALUES (34,'ARQUITECTURA',7,'ARQUITECTURA', 818,true,34, now(), now());
INSERT INTO core.nucleo_basico_conocimiento(id,nombre, area_conocimiento_id, descripcion, codigo_abreviacion, activo, numero_orden, fecha_creacion,fecha_modificacion) VALUES (35,'INGENIERIA AGRONOMICA, PECUARIA Y AFINES',7,'INGENIERIA AGRONOMICA, PECUARIA Y AFINES', 824,true,35, now(), now());
INSERT INTO core.nucleo_basico_conocimiento(id,nombre, area_conocimiento_id, descripcion, codigo_abreviacion, activo, numero_orden, fecha_creacion,fecha_modificacion) VALUES (36,'INGENIERIA DE MINAS, METALURGIA Y AFINES',7,'INGENIERIA DE MINAS, METALURGIA Y AFINES', 826,true,36, now(), now());
INSERT INTO core.nucleo_basico_conocimiento(id,nombre, area_conocimiento_id, descripcion, codigo_abreviacion, activo, numero_orden, fecha_creacion,fecha_modificacion) VALUES (37,'OTRAS INGENIERIAS',7,'OTRAS INGENIERIAS', 833,true,37, now(), now());
INSERT INTO core.nucleo_basico_conocimiento(id,nombre, area_conocimiento_id, descripcion, codigo_abreviacion, activo, numero_orden, fecha_creacion,fecha_modificacion) VALUES (38,'INGENIERIA QUIMICA Y AFINES',7,'INGENIERIA QUIMICA Y AFINES', 832,true,38, now(), now());
INSERT INTO core.nucleo_basico_conocimiento(id,nombre, area_conocimiento_id, descripcion, codigo_abreviacion, activo, numero_orden, fecha_creacion,fecha_modificacion) VALUES (39,'INGENIERIA MECANICA Y AFINES',7,'INGENIERIA MECANICA Y AFINES', 831,true,39, now(), now());
INSERT INTO core.nucleo_basico_conocimiento(id,nombre, area_conocimiento_id, descripcion, codigo_abreviacion, activo, numero_orden, fecha_creacion,fecha_modificacion) VALUES (40,'INGENIERIA INDUSTRIAL Y AFINES',7,'INGENIERIA INDUSTRIAL Y AFINES', 830,true,40, now(), now());
INSERT INTO core.nucleo_basico_conocimiento(id,nombre, area_conocimiento_id, descripcion, codigo_abreviacion, activo, numero_orden, fecha_creacion,fecha_modificacion) VALUES (41,'INGENIERIA ELECTRONICA, TELECOMUNICACIONES Y AFINES',7,'INGENIERIA ELECTRONICA, TELECOMUNICACIONES Y AFINES', 829,true,41, now(), now());
INSERT INTO core.nucleo_basico_conocimiento(id,nombre, area_conocimiento_id, descripcion, codigo_abreviacion, activo, numero_orden, fecha_creacion,fecha_modificacion) VALUES (42,'INGENIERIA ELECTRICA Y AFINES',7,'INGENIERIA ELECTRICA Y AFINES', 828,true,42, now(), now());
INSERT INTO core.nucleo_basico_conocimiento(id,nombre, area_conocimiento_id, descripcion, codigo_abreviacion, activo, numero_orden, fecha_creacion,fecha_modificacion) VALUES (43,'INGENIERIA DE SISTEMAS, TELEMATICA Y AFINES',7,'INGENIERIA DE SISTEMAS, TELEMATICA Y AFINES', 827,true,43, now(), now());
INSERT INTO core.nucleo_basico_conocimiento(id,nombre, area_conocimiento_id, descripcion, codigo_abreviacion, activo, numero_orden, fecha_creacion,fecha_modificacion) VALUES (44,'INGENIERIA CIVIL Y AFINES',7,'INGENIERIA CIVIL Y AFINES', 825,true,44, now(), now());
INSERT INTO core.nucleo_basico_conocimiento(id,nombre, area_conocimiento_id, descripcion, codigo_abreviacion, activo, numero_orden, fecha_creacion,fecha_modificacion) VALUES (45,'INGENIERIA AGROINDUSTRIAL, ALIMENTOS Y AFINES',7,'INGENIERIA AGROINDUSTRIAL, ALIMENTOS Y AFINES', 823,true,45, now(), now());
INSERT INTO core.nucleo_basico_conocimiento(id,nombre, area_conocimiento_id, descripcion, codigo_abreviacion, activo, numero_orden, fecha_creacion,fecha_modificacion) VALUES (46,'INGENIERIA BIOMEDICA Y AFINES',7,'INGENIERIA BIOMEDICA Y AFINES', 819,true,46, now(), now());
INSERT INTO core.nucleo_basico_conocimiento(id,nombre, area_conocimiento_id, descripcion, codigo_abreviacion, activo, numero_orden, fecha_creacion,fecha_modificacion) VALUES (47,'INGENIERIA AMBIENTAL, SANITARIA Y AFINES',7,'INGENIERIA AMBIENTAL, SANITARIA Y AFINES', 820,true,47, now(), now());
INSERT INTO core.nucleo_basico_conocimiento(id,nombre, area_conocimiento_id, descripcion, codigo_abreviacion, activo, numero_orden, fecha_creacion,fecha_modificacion) VALUES (48,'INGENIERIA AGRICOLA, FORESTAL Y AFINES',7,'INGENIERIA AGRICOLA, FORESTAL Y AFINES', 822,true,48, now(), now());
INSERT INTO core.nucleo_basico_conocimiento(id,nombre, area_conocimiento_id, descripcion, codigo_abreviacion, activo, numero_orden, fecha_creacion,fecha_modificacion) VALUES (49,'INGENIERIA ADMNISTRATIVA Y AFINES',7,'INGENIERIA ADMNISTRATIVA Y AFINES', 821,true,49, now(), now());
INSERT INTO core.nucleo_basico_conocimiento(id,nombre, area_conocimiento_id, descripcion, codigo_abreviacion, activo, numero_orden, fecha_creacion,fecha_modificacion) VALUES (50,'BIOLOGIA, MICROBIOLOGIA Y AFINES',8,'BIOLOGIA, MICROBIOLOGIA Y AFINES', 934,true,50, now(), now());
INSERT INTO core.nucleo_basico_conocimiento(id,nombre, area_conocimiento_id, descripcion, codigo_abreviacion, activo, numero_orden, fecha_creacion,fecha_modificacion) VALUES (51,'FISICA',8,'FISICA', 935,true,51, now(), now());
INSERT INTO core.nucleo_basico_conocimiento(id,nombre, area_conocimiento_id, descripcion, codigo_abreviacion, activo, numero_orden, fecha_creacion,fecha_modificacion) VALUES (52,'GEOLOGIA, OTROS PROGRAMAS DE CIENCIAS NATURALES',8,'GEOLOGIA, OTROS PROGRAMAS DE CIENCIAS NATURALES', 936,true,52, now(), now());
INSERT INTO core.nucleo_basico_conocimiento(id,nombre, area_conocimiento_id, descripcion, codigo_abreviacion, activo, numero_orden, fecha_creacion,fecha_modificacion) VALUES (53,'MATEMATICAS, ESTADISTICA Y AFINES',8,'MATEMATICAS, ESTADISTICA Y AFINES', 937,true,53, now(), now());
INSERT INTO core.nucleo_basico_conocimiento(id,nombre, area_conocimiento_id, descripcion, codigo_abreviacion, activo, numero_orden, fecha_creacion,fecha_modificacion) VALUES (54,'QUIMICA Y AFINES',8,'QUIMICA Y AFINES', 939,true,54, now(), now());
INSERT INTO core.nucleo_basico_conocimiento(id,nombre, area_conocimiento_id, descripcion, codigo_abreviacion, activo, numero_orden, fecha_creacion,fecha_modificacion) VALUES (55,'BACHILLER ACADÉMICO',9,'BACHILLER ACADÉMICO', 4920,true,55, now(), now());
INSERT INTO core.nucleo_basico_conocimiento(id,nombre, area_conocimiento_id, descripcion, codigo_abreviacion, activo, numero_orden, fecha_creacion,fecha_modificacion) VALUES (56,'NO APLICA',9,'NO APLICA', 0,true,56, now(), now());
INSERT INTO core.nucleo_basico_conocimiento(id,nombre, area_conocimiento_id, descripcion, codigo_abreviacion, activo, numero_orden, fecha_creacion,fecha_modificacion) VALUES (57,'AGRONOMIA',1,'AGRONOMIA', 11,true,57, now(), now());
INSERT INTO core.nucleo_basico_conocimiento(id,nombre, area_conocimiento_id, descripcion, codigo_abreviacion, activo, numero_orden, fecha_creacion,fecha_modificacion) VALUES (58,'SIN CLASIFICAR',9,'SIN CLASIFICAR', 0,true,58, now(), now());

-- inserts core.tipo_dato_adicional
INSERT INTO core.tipo_dato_adicional(id,nombre, descripcion, codigo_abreviacion, activo, numero_orden, fecha_creacion,fecha_modificacion) VALUES (1,'numerico','numerico','numerico',true,1, now(), now());
INSERT INTO core.tipo_dato_adicional(id,nombre, descripcion, codigo_abreviacion, activo, numero_orden, fecha_creacion,fecha_modificacion) VALUES (2,'texto','texto','texto',true,2, now(), now());
INSERT INTO core.tipo_dato_adicional(id,nombre, descripcion, codigo_abreviacion, activo, numero_orden, fecha_creacion,fecha_modificacion) VALUES (3,'lista','lista','lista',true,3, now(), now());
INSERT INTO core.tipo_dato_adicional(id,nombre, descripcion, codigo_abreviacion, activo, numero_orden, fecha_creacion,fecha_modificacion) VALUES (4,'fecha','fecha','fecha',true,4, now(), now());

-- inserts core.tipo_periodo
INSERT INTO core.tipo_periodo(id,nombre, descripcion, codigo_abreviacion, activo, numero_orden, fecha_creacion,fecha_modificacion) VALUES (1,'académico','periodo académico','academico', true,1, now(), now());
INSERT INTO core.tipo_periodo(id,nombre, descripcion, codigo_abreviacion, activo, numero_orden, fecha_creacion,fecha_modificacion) VALUES (2,'ILUD','periodo ILUD','ILUD', true,2, now(), now());
INSERT INTO core.tipo_periodo(id,nombre, descripcion, codigo_abreviacion, activo, numero_orden, fecha_creacion,fecha_modificacion) VALUES (3,'extensión','periodo extensión','extension', true,3, now(), now());

-- inserts core.periodo
INSERT INTO core.periodo(id,nombre, descripcion, codigo_abreviacion, activo, numero_orden,tipo_periodo_id, fecha_creacion,fecha_modificacion) VALUES (1,'2019-1','primer periodo 2019','2019-1', true,1,1, now(), now());
INSERT INTO core.periodo(id,nombre, descripcion, codigo_abreviacion, activo, numero_orden,tipo_periodo_id, fecha_creacion,fecha_modificacion) VALUES (2,'2019-2','segundo periodo 2019','2019-2', true,2,1, now(), now());
INSERT INTO core.periodo(id,nombre, descripcion, codigo_abreviacion, activo, numero_orden,tipo_periodo_id, fecha_creacion,fecha_modificacion) VALUES (3,'2019-3','tercer periodo 2019','2019-3', true,3,1, now(), now());

-- inserts core_new.unidad_tiempo
INSERT INTO core.unidad_tiempo(id,nombre, descripcion, codigo_abreviacion, activo, numero_orden, fecha_creacion,fecha_modificacion) VALUES (1,'ANUAL','ANUAL','ANUAL', true,1, now(), now());
INSERT INTO core.unidad_tiempo(id,nombre, descripcion, codigo_abreviacion, activo, numero_orden, fecha_creacion,fecha_modificacion) VALUES (2,'BIMENSUAL','BIMENSUAL','BIMENSUAL', true,2, now(), now());
INSERT INTO core.unidad_tiempo(id,nombre, descripcion, codigo_abreviacion, activo, numero_orden, fecha_creacion,fecha_modificacion) VALUES (3,'CUATRIMENSTRAL','CUATRIMENSTRAL','CUATRIMENSTRAL', true,3, now(), now());
INSERT INTO core.unidad_tiempo(id,nombre, descripcion, codigo_abreviacion, activo, numero_orden, fecha_creacion,fecha_modificacion) VALUES (4,'MENSUAL','MENSUAL','MENSUAL', true,4, now(), now());
INSERT INTO core.unidad_tiempo(id,nombre, descripcion, codigo_abreviacion, activo, numero_orden, fecha_creacion,fecha_modificacion) VALUES (5,'PERIODOS','PERIODOS','PERIODOS', true,5, now(), now());
INSERT INTO core.unidad_tiempo(id,nombre, descripcion, codigo_abreviacion, activo, numero_orden, fecha_creacion,fecha_modificacion) VALUES (6,'SEMESTRAL','SEMESTRAL','SEMESTRAL', true,6, now(), now());
INSERT INTO core.unidad_tiempo(id,nombre, descripcion, codigo_abreviacion, activo, numero_orden, fecha_creacion,fecha_modificacion) VALUES (7,'SIN DEFINIR','SIN DEFINIR','SIN DEFINIR', true,7, now(), now());
INSERT INTO core.unidad_tiempo(id,nombre, descripcion, codigo_abreviacion, activo, numero_orden, fecha_creacion,fecha_modificacion) VALUES (8,'TRIMESTRAL','TRIMESTRAL','TRIMESTRAL', true,8, now(), now());
INSERT INTO core.unidad_tiempo(id,nombre, descripcion, codigo_abreviacion, activo, numero_orden, fecha_creacion,fecha_modificacion) VALUES (9,'POR COHORTE','POR COHORTE','POR COHORTE', true,9, now(), now());

-- inserts core.concepto_academico
INSERT INTO core.concepto_academico(id,nombre, descripcion, codigo_abreviacion, activo, numero_orden, fecha_creacion,fecha_modificacion) VALUES (1,'matrícula','matrícula','MATRICULA', true,1, now(), now());
INSERT INTO core.concepto_academico(id,nombre, descripcion, codigo_abreviacion, activo, numero_orden, fecha_creacion,fecha_modificacion) VALUES (2,'inscripción','inscripción','INSCRIPCION', true,2, now(), now());

-- inserts core.grupo_investigacion
INSERT INTO core.grupo_investigacion(nombre, descripcion, codigo_abreviacion, activo, numero_orden, fecha_creacion,fecha_modificacion) VALUES ('bioingenieria universidad distrital',' ','BIOINGENIERIAUD', true,1, now(), now());
INSERT INTO core.grupo_investigacion(nombre, descripcion, codigo_abreviacion, activo, numero_orden, fecha_creacion,fecha_modificacion) VALUES ('ambientes virtuales de aprendizaje','','', true,2, now(), now());
INSERT INTO core.grupo_investigacion(nombre, descripcion, codigo_abreviacion, activo, numero_orden, fecha_creacion,fecha_modificacion) VALUES ('estudios ambientales universidad distrital (gea-ud)','','', true,3, now(), now());
INSERT INTO core.grupo_investigacion(nombre, descripcion, codigo_abreviacion, activo, numero_orden, fecha_creacion,fecha_modificacion) VALUES ('estetica e historia del teatro','','', true,4, now(), now());
INSERT INTO core.grupo_investigacion(nombre, descripcion, codigo_abreviacion, activo, numero_orden, fecha_creacion,fecha_modificacion) VALUES ('biblioteca virtual','','', true,5, now(), now());
INSERT INTO core.grupo_investigacion(nombre, descripcion, codigo_abreviacion, activo, numero_orden, fecha_creacion,fecha_modificacion) VALUES ('grupo de investigacion bive','','BIVE', true,6, now(), now());
INSERT INTO core.grupo_investigacion(nombre, descripcion, codigo_abreviacion, activo, numero_orden, fecha_creacion,fecha_modificacion) VALUES ('redes abiertas de control','','', true,7, now(), now());
INSERT INTO core.grupo_investigacion(nombre, descripcion, codigo_abreviacion, activo, numero_orden, fecha_creacion,fecha_modificacion) VALUES ('grupo de investigaciones en pavimentos','','', true,8, now(), now());
INSERT INTO core.grupo_investigacion(nombre, descripcion, codigo_abreviacion, activo, numero_orden, fecha_creacion,fecha_modificacion) VALUES ('grupo de investigación interdisciplinaria en medio ambiente, educación y pensamiento complejo','','', true,9, now(), now());
INSERT INTO core.grupo_investigacion(nombre, descripcion, codigo_abreviacion, activo, numero_orden, fecha_creacion,fecha_modificacion) VALUES ('odin','','ODIN', true,10, now(), now());
INSERT INTO core.grupo_investigacion(nombre, descripcion, codigo_abreviacion, activo, numero_orden, fecha_creacion,fecha_modificacion) VALUES ('capacidad ud','','', true,11, now(), now());
INSERT INTO core.grupo_investigacion(nombre, descripcion, codigo_abreviacion, activo, numero_orden, fecha_creacion,fecha_modificacion) VALUES ('SISTEMAS MECATRONICOS','','', true,12, now(), now());
INSERT INTO core.grupo_investigacion(nombre, descripcion, codigo_abreviacion, activo, numero_orden, fecha_creacion,fecha_modificacion) VALUES ('grupo de investigacion en sistemas inteligentes','','SINTEL', true,13, now(), now());
INSERT INTO core.grupo_investigacion(nombre, descripcion, codigo_abreviacion, activo, numero_orden, fecha_creacion,fecha_modificacion) VALUES ('grupo de investigación en resonancia magnética','','RM - UD', true,14, now(), now());
INSERT INTO core.grupo_investigacion(nombre, descripcion, codigo_abreviacion, activo, numero_orden, fecha_creacion,fecha_modificacion) VALUES ('de las concepciones a las prácticas pedagógicas','','', true,15, now(), now());
INSERT INTO core.grupo_investigacion(nombre, descripcion, codigo_abreviacion, activo, numero_orden, fecha_creacion,fecha_modificacion) VALUES ('desarrollo y ecocreación','','GDE', true,16, now(), now());
INSERT INTO core.grupo_investigacion(nombre, descripcion, codigo_abreviacion, activo, numero_orden, fecha_creacion,fecha_modificacion) VALUES ('grupo de investigación en diseño de productos y procesos, creatividad e innovación','','GIDPROCI', true,17, now(), now());
INSERT INTO core.grupo_investigacion(nombre, descripcion, codigo_abreviacion, activo, numero_orden, fecha_creacion,fecha_modificacion) VALUES ('teatro contemporaneo','','', true,18, now(), now());
INSERT INTO core.grupo_investigacion(nombre, descripcion, codigo_abreviacion, activo, numero_orden, fecha_creacion,fecha_modificacion) VALUES ('gidenutas','','GIDENUTAS', true,19, now(), now());
INSERT INTO core.grupo_investigacion(nombre, descripcion, codigo_abreviacion, activo, numero_orden, fecha_creacion,fecha_modificacion) VALUES ('ingenieria sanitaria ud','','GIIS', true,20, now(), now());
INSERT INTO core.grupo_investigacion(nombre, descripcion, codigo_abreviacion, activo, numero_orden, fecha_creacion,fecha_modificacion) VALUES ('enseñanza de la ciencia y la astronomía','','', true,21, now(), now());
INSERT INTO core.grupo_investigacion(nombre, descripcion, codigo_abreviacion, activo, numero_orden, fecha_creacion,fecha_modificacion) VALUES ('trafico inteligente y seguridad ciudadana','','TISC', true,22, now(), now());
INSERT INTO core.grupo_investigacion(nombre, descripcion, codigo_abreviacion, activo, numero_orden, fecha_creacion,fecha_modificacion) VALUES ('literatura, educación y comunicación','','', true,23, now(), now());
INSERT INTO core.grupo_investigacion(nombre, descripcion, codigo_abreviacion, activo, numero_orden, fecha_creacion,fecha_modificacion) VALUES ('giseproi','','GISEPROI', true,24, now(), now());
INSERT INTO core.grupo_investigacion(nombre, descripcion, codigo_abreviacion, activo, numero_orden, fecha_creacion,fecha_modificacion) VALUES ('laboratorio de investigación en fuentes alternativas de energía','','LIFAE', true,25, now(), now());
INSERT INTO core.grupo_investigacion(nombre, descripcion, codigo_abreviacion, activo, numero_orden, fecha_creacion,fecha_modificacion) VALUES ('rima epi-sensor','','RIMA', true,26, now(), now());
INSERT INTO core.grupo_investigacion(nombre, descripcion, codigo_abreviacion, activo, numero_orden, fecha_creacion,fecha_modificacion) VALUES ('didactica de las ciencias experimentales y la formacion inicial de profesores de quimica','','IDCEFIP', true,27, now(), now());
INSERT INTO core.grupo_investigacion(nombre, descripcion, codigo_abreviacion, activo, numero_orden, fecha_creacion,fecha_modificacion) VALUES ('observatorio pedagogico','','', true,28, now(), now());
INSERT INTO core.grupo_investigacion(nombre, descripcion, codigo_abreviacion, activo, numero_orden, fecha_creacion,fecha_modificacion) VALUES ('olimpia 5.0','','OLP', true,29, now(), now());
INSERT INTO core.grupo_investigacion(nombre, descripcion, codigo_abreviacion, activo, numero_orden, fecha_creacion,fecha_modificacion) VALUES ('calidad y saberes','','CASAB', true,30, now(), now());
INSERT INTO core.grupo_investigacion(nombre, descripcion, codigo_abreviacion, activo, numero_orden, fecha_creacion,fecha_modificacion) VALUES ('modelamiento en ingeniería de sistemas','','MIS', true,31, now(), now());
INSERT INTO core.grupo_investigacion(nombre, descripcion, codigo_abreviacion, activo, numero_orden, fecha_creacion,fecha_modificacion) VALUES ('intertexto','','INTERTEXTO', true,32, now(), now());
INSERT INTO core.grupo_investigacion(nombre, descripcion, codigo_abreviacion, activo, numero_orden, fecha_creacion,fecha_modificacion) VALUES ('competetividad y sostenibilidad empresarial','','GICOSO', true,33, now(), now());
INSERT INTO core.grupo_investigacion(nombre, descripcion, codigo_abreviacion, activo, numero_orden, fecha_creacion,fecha_modificacion) VALUES ('TopografÍa y Territorio','','TOPO&TE', true,34, now(), now());
INSERT INTO core.grupo_investigacion(nombre, descripcion, codigo_abreviacion, activo, numero_orden, fecha_creacion,fecha_modificacion) VALUES ('matemáticas escolares u.d.','','MESCUD', true,35, now(), now());
INSERT INTO core.grupo_investigacion(nombre, descripcion, codigo_abreviacion, activo, numero_orden, fecha_creacion,fecha_modificacion) VALUES ('derechos humanos en la escuela','','DHELE', true,36, now(), now());
INSERT INTO core.grupo_investigacion(nombre, descripcion, codigo_abreviacion, activo, numero_orden, fecha_creacion,fecha_modificacion) VALUES ('física aplicada a las ciencias biológicas','','FIACIBI', true,37, now(), now());
INSERT INTO core.grupo_investigacion(nombre, descripcion, codigo_abreviacion, activo, numero_orden, fecha_creacion,fecha_modificacion) VALUES ('grupo interdisciplinario en derechos humanos y políticas públicas','','', true,38, now(), now());
INSERT INTO core.grupo_investigacion(nombre, descripcion, codigo_abreviacion, activo, numero_orden, fecha_creacion,fecha_modificacion) VALUES ('didáctica de modelos matemáticos en investigación de operaciones','','DIMMIO', true,39, now(), now());
INSERT INTO core.grupo_investigacion(nombre, descripcion, codigo_abreviacion, activo, numero_orden, fecha_creacion,fecha_modificacion) VALUES ('aguafuerte','','', true,40, now(), now());
INSERT INTO core.grupo_investigacion(nombre, descripcion, codigo_abreviacion, activo, numero_orden, fecha_creacion,fecha_modificacion) VALUES ('amautas: formación de sujetos y pedagogías críticas','','AMAUTAS', true,41, now(), now());
INSERT INTO core.grupo_investigacion(nombre, descripcion, codigo_abreviacion, activo, numero_orden, fecha_creacion,fecha_modificacion) VALUES ('grupo de investigación en compatibilidad electromagnética','','CEM', true,42, now(), now());
INSERT INTO core.grupo_investigacion(nombre, descripcion, codigo_abreviacion, activo, numero_orden, fecha_creacion,fecha_modificacion) VALUES ('emilio','','EMILIO', true,43, now(), now());
INSERT INTO core.grupo_investigacion(nombre, descripcion, codigo_abreviacion, activo, numero_orden, fecha_creacion,fecha_modificacion) VALUES ('grupo de optoelectrónica y microelectrónica ud','','', true,44, now(), now());
INSERT INTO core.grupo_investigacion(nombre, descripcion, codigo_abreviacion, activo, numero_orden, fecha_creacion,fecha_modificacion) VALUES ('moralia','','MORALIA', true,45, now(), now());
INSERT INTO core.grupo_investigacion(nombre, descripcion, codigo_abreviacion, activo, numero_orden, fecha_creacion,fecha_modificacion) VALUES ('ceres','','CERES', true,46, now(), now());
INSERT INTO core.grupo_investigacion(nombre, descripcion, codigo_abreviacion, activo, numero_orden, fecha_creacion,fecha_modificacion) VALUES ('ambiente y cultura','','GIAC', true,47, now(), now());
INSERT INTO core.grupo_investigacion(nombre, descripcion, codigo_abreviacion, activo, numero_orden, fecha_creacion,fecha_modificacion) VALUES ('crisálida','','CRISÁLIDA', true,48, now(), now());
INSERT INTO core.grupo_investigacion(nombre, descripcion, codigo_abreviacion, activo, numero_orden, fecha_creacion,fecha_modificacion) VALUES ('laboratorio de automatica, microeletronica e inteligencia computacional','','LAMIC', true,49, now(), now());
INSERT INTO core.grupo_investigacion(nombre, descripcion, codigo_abreviacion, activo, numero_orden, fecha_creacion,fecha_modificacion) VALUES ('derechos humanos antonio nariño y alvarez','','DHANA', true,50, now(), now());
INSERT INTO core.grupo_investigacion(nombre, descripcion, codigo_abreviacion, activo, numero_orden, fecha_creacion,fecha_modificacion) VALUES ('GRUPO DE INVESTIGACIÓN EN CADENAS DE ABASTECIMIENTO, LOGÍSTICA Y TRAZABILIDAD . GICALYT','','GICALYT', true,51, now(), now());
INSERT INTO core.grupo_investigacion(nombre, descripcion, codigo_abreviacion, activo, numero_orden, fecha_creacion,fecha_modificacion) VALUES ('grupo de investigación en competitividad de la industria colombiana','','GICIC', true,52, now(), now());
INSERT INTO core.grupo_investigacion(nombre, descripcion, codigo_abreviacion, activo, numero_orden, fecha_creacion,fecha_modificacion) VALUES ('TRIBOLOGIA Y ANALISIS DE FALLA','','', true,53, now(), now());
INSERT INTO core.grupo_investigacion(nombre, descripcion, codigo_abreviacion, activo, numero_orden, fecha_creacion,fecha_modificacion) VALUES ('grupo de investigacion en ingeniería y diseño','','DISING', true,54, now(), now());
INSERT INTO core.grupo_investigacion(nombre, descripcion, codigo_abreviacion, activo, numero_orden, fecha_creacion,fecha_modificacion) VALUES ('Grupo de investigación en arquitecturas de software','','ARQUISOFT', true,55, now(), now());
INSERT INTO core.grupo_investigacion(nombre, descripcion, codigo_abreviacion, activo, numero_orden, fecha_creacion,fecha_modificacion) VALUES ('formación de educadores','','', true,56, now(), now());
INSERT INTO core.grupo_investigacion(nombre, descripcion, codigo_abreviacion, activo, numero_orden, fecha_creacion,fecha_modificacion) VALUES ('geotopo','','GEOTOPO', true,57, now(), now());
INSERT INTO core.grupo_investigacion(nombre, descripcion, codigo_abreviacion, activo, numero_orden, fecha_creacion,fecha_modificacion) VALUES ('cognición y aprendizaje para el desarrollo tecnológico','','CAPTE', true,58, now(), now());
INSERT INTO core.grupo_investigacion(nombre, descripcion, codigo_abreviacion, activo, numero_orden, fecha_creacion,fecha_modificacion) VALUES ('grinsaud','','GRINSAUD', true,59, now(), now());
INSERT INTO core.grupo_investigacion(nombre, descripcion, codigo_abreviacion, activo, numero_orden, fecha_creacion,fecha_modificacion) VALUES ('ambientes de enseñanza - aprendizaje de las ciencias basicas','','AMECI', true,60, now(), now());
INSERT INTO core.grupo_investigacion(nombre, descripcion, codigo_abreviacion, activo, numero_orden, fecha_creacion,fecha_modificacion) VALUES ('OKAN','','OKAN', true,61, now(), now());
INSERT INTO core.grupo_investigacion(nombre, descripcion, codigo_abreviacion, activo, numero_orden, fecha_creacion,fecha_modificacion) VALUES ('sistemas digitales inteligentes','','DIGITI', true,62, now(), now());
INSERT INTO core.grupo_investigacion(nombre, descripcion, codigo_abreviacion, activo, numero_orden, fecha_creacion,fecha_modificacion) VALUES ('micpra','','MICPRA', true,63, now(), now());
INSERT INTO core.grupo_investigacion(nombre, descripcion, codigo_abreviacion, activo, numero_orden, fecha_creacion,fecha_modificacion) VALUES ('física teórica y desarrollo del software','','', true,64, now(), now());
INSERT INTO core.grupo_investigacion(nombre, descripcion, codigo_abreviacion, activo, numero_orden, fecha_creacion,fecha_modificacion) VALUES ('grupo de investigación en control electrónico','','GICE', true,65, now(), now());
INSERT INTO core.grupo_investigacion(nombre, descripcion, codigo_abreviacion, activo, numero_orden, fecha_creacion,fecha_modificacion) VALUES ('Estudio de Voz y la Palabra','','', true,66, now(), now());
INSERT INTO core.grupo_investigacion(nombre, descripcion, codigo_abreviacion, activo, numero_orden, fecha_creacion,fecha_modificacion) VALUES ('educación ciudadana etica y política','','ECEP', true,67, now(), now());
INSERT INTO core.grupo_investigacion(nombre, descripcion, codigo_abreviacion, activo, numero_orden, fecha_creacion,fecha_modificacion) VALUES ('aisthesis: estetica y politica','','AIESTHESIS', true,68, now(), now());
INSERT INTO core.grupo_investigacion(nombre, descripcion, codigo_abreviacion, activo, numero_orden, fecha_creacion,fecha_modificacion) VALUES ('poiesis xxi','','', true,69, now(), now());
INSERT INTO core.grupo_investigacion(nombre, descripcion, codigo_abreviacion, activo, numero_orden, fecha_creacion,fecha_modificacion) VALUES ('lectoescrinautas','','', true,70, now(), now());
INSERT INTO core.grupo_investigacion(nombre, descripcion, codigo_abreviacion, activo, numero_orden, fecha_creacion,fecha_modificacion) VALUES ('Grupo de complejidad de la universidad distrital','','COMPLEXUD', true,71, now(), now());
INSERT INTO core.grupo_investigacion(nombre, descripcion, codigo_abreviacion, activo, numero_orden, fecha_creacion,fecha_modificacion) VALUES ('estructuras mentales','','', true,72, now(), now());
INSERT INTO core.grupo_investigacion(nombre, descripcion, codigo_abreviacion, activo, numero_orden, fecha_creacion,fecha_modificacion) VALUES ('centro de estudios en pavimentos y materiales sostenibles','','CEPMS', true,73, now(), now());
INSERT INTO core.grupo_investigacion(nombre, descripcion, codigo_abreviacion, activo, numero_orden, fecha_creacion,fecha_modificacion) VALUES ('grupo interdisciplinario de investigación en medio ambiente urbano','','GIIMAU', true,74, now(), now());
INSERT INTO core.grupo_investigacion(nombre, descripcion, codigo_abreviacion, activo, numero_orden, fecha_creacion,fecha_modificacion) VALUES ('educación, comunicación y cultura','','', true,75, now(), now());
INSERT INTO core.grupo_investigacion(nombre, descripcion, codigo_abreviacion, activo, numero_orden, fecha_creacion,fecha_modificacion) VALUES ('quimica computacional y sustentable','','', true,76, now(), now());
INSERT INTO core.grupo_investigacion(nombre, descripcion, codigo_abreviacion, activo, numero_orden, fecha_creacion,fecha_modificacion) VALUES ('entomologia forence','','', true,77, now(), now());
INSERT INTO core.grupo_investigacion(nombre, descripcion, codigo_abreviacion, activo, numero_orden, fecha_creacion,fecha_modificacion) VALUES ('educacion y gestion ambiental','','EGA', true,78, now(), now());
INSERT INTO core.grupo_investigacion(nombre, descripcion, codigo_abreviacion, activo, numero_orden, fecha_creacion,fecha_modificacion) VALUES ('enseñanza y aprendizaje de la física','','GEAF', true,79, now(), now());
INSERT INTO core.grupo_investigacion(nombre, descripcion, codigo_abreviacion, activo, numero_orden, fecha_creacion,fecha_modificacion) VALUES ('didáctica de la tecnología','','DIDACTEC', true,80, now(), now());
INSERT INTO core.grupo_investigacion(nombre, descripcion, codigo_abreviacion, activo, numero_orden, fecha_creacion,fecha_modificacion) VALUES ('didáctica del ingles y tecnología','','DIT', true,81, now(), now());
INSERT INTO core.grupo_investigacion(nombre, descripcion, codigo_abreviacion, activo, numero_orden, fecha_creacion,fecha_modificacion) VALUES ('colorantes naturales','','COLNAT', true,82, now(), now());
INSERT INTO core.grupo_investigacion(nombre, descripcion, codigo_abreviacion, activo, numero_orden, fecha_creacion,fecha_modificacion) VALUES ('biologia molecular','','BIOMOLC', true,83, now(), now());
INSERT INTO core.grupo_investigacion(nombre, descripcion, codigo_abreviacion, activo, numero_orden, fecha_creacion,fecha_modificacion) VALUES ('piñeros y salazar','','', true,84, now(), now());
INSERT INTO core.grupo_investigacion(nombre, descripcion, codigo_abreviacion, activo, numero_orden, fecha_creacion,fecha_modificacion) VALUES ('estudio de temas de la física, de la estadística y de la matemática','','GEFEM', true,85, now(), now());
INSERT INTO core.grupo_investigacion(nombre, descripcion, codigo_abreviacion, activo, numero_orden, fecha_creacion,fecha_modificacion) VALUES ('edutopia','','EDP', true,86, now(), now());
INSERT INTO core.grupo_investigacion(nombre, descripcion, codigo_abreviacion, activo, numero_orden, fecha_creacion,fecha_modificacion) VALUES ('telecomunicaciones de la univesidad distrital','','GITUD', true,87, now(), now());
INSERT INTO core.grupo_investigacion(nombre, descripcion, codigo_abreviacion, activo, numero_orden, fecha_creacion,fecha_modificacion) VALUES ('estudios del discurso','','', true,88, now(), now());
INSERT INTO core.grupo_investigacion(nombre, descripcion, codigo_abreviacion, activo, numero_orden, fecha_creacion,fecha_modificacion) VALUES ('educacion cultura y arte','','EDUCARTE', true,89, now(), now());
INSERT INTO core.grupo_investigacion(nombre, descripcion, codigo_abreviacion, activo, numero_orden, fecha_creacion,fecha_modificacion) VALUES ('grupo de investigación','','TELETECNO', true,90, now(), now());
INSERT INTO core.grupo_investigacion(nombre, descripcion, codigo_abreviacion, activo, numero_orden, fecha_creacion,fecha_modificacion) VALUES ('productos naturales vegetales','','', true,91, now(), now());
INSERT INTO core.grupo_investigacion(nombre, descripcion, codigo_abreviacion, activo, numero_orden, fecha_creacion,fecha_modificacion) VALUES ('seaquim - ateneo','','', true,92, now(), now());
INSERT INTO core.grupo_investigacion(nombre, descripcion, codigo_abreviacion, activo, numero_orden, fecha_creacion,fecha_modificacion) VALUES ('llinguistica y computación','','LICO', true,93, now(), now());
INSERT INTO core.grupo_investigacion(nombre, descripcion, codigo_abreviacion, activo, numero_orden, fecha_creacion,fecha_modificacion) VALUES ('grupo de energías alternativas','','GIEAUD', true,94, now(), now());
INSERT INTO core.grupo_investigacion(nombre, descripcion, codigo_abreviacion, activo, numero_orden, fecha_creacion,fecha_modificacion) VALUES ('tratamiento de historias clinica universidad distrital','','TRHISCUD', true,95, now(), now());
INSERT INTO core.grupo_investigacion(nombre, descripcion, codigo_abreviacion, activo, numero_orden, fecha_creacion,fecha_modificacion) VALUES ('grupo de investigación internacional de informática, comunicación y gestión del conocimiento','','GICOGE', true,96, now(), now());
INSERT INTO core.grupo_investigacion(nombre, descripcion, codigo_abreviacion, activo, numero_orden, fecha_creacion,fecha_modificacion) VALUES ('grupo de investigación en protecciones eléctricas de la universidad distrital','','GIPUD', true,97, now(), now());
INSERT INTO core.grupo_investigacion(nombre, descripcion, codigo_abreviacion, activo, numero_orden, fecha_creacion,fecha_modificacion) VALUES ('ANGELUS NOVUS','','NOVUS', true,98, now(), now());
INSERT INTO core.grupo_investigacion(nombre, descripcion, codigo_abreviacion, activo, numero_orden, fecha_creacion,fecha_modificacion) VALUES ('wayra','','', true,99, now(), now());
INSERT INTO core.grupo_investigacion(nombre, descripcion, codigo_abreviacion, activo, numero_orden, fecha_creacion,fecha_modificacion) VALUES ('internet inteligente','','', true,100, now(), now());
INSERT INTO core.grupo_investigacion(nombre, descripcion, codigo_abreviacion, activo, numero_orden, fecha_creacion,fecha_modificacion) VALUES ('grupo de investigación en sistemas de potencia de la universidad distrital','','GISPUD', true,101, now(), now());
INSERT INTO core.grupo_investigacion(nombre, descripcion, codigo_abreviacion, activo, numero_orden, fecha_creacion,fecha_modificacion) VALUES ('investigacion, desarrollo y aplicaciones en señales','','IDEAS', true,102, now(), now());
INSERT INTO core.grupo_investigacion(nombre, descripcion, codigo_abreviacion, activo, numero_orden, fecha_creacion,fecha_modificacion) VALUES ('kumangui','','', true,103, now(), now());
INSERT INTO core.grupo_investigacion(nombre, descripcion, codigo_abreviacion, activo, numero_orden, fecha_creacion,fecha_modificacion) VALUES ('isis','','ISIS', true,104, now(), now());
INSERT INTO core.grupo_investigacion(nombre, descripcion, codigo_abreviacion, activo, numero_orden, fecha_creacion,fecha_modificacion) VALUES ('escuela y creatividad','','', true,105, now(), now());
INSERT INTO core.grupo_investigacion(nombre, descripcion, codigo_abreviacion, activo, numero_orden, fecha_creacion,fecha_modificacion) VALUES ('eafiti','','EAFITI', true,106, now(), now());
INSERT INTO core.grupo_investigacion(nombre, descripcion, codigo_abreviacion, activo, numero_orden, fecha_creacion,fecha_modificacion) VALUES ('ethos et paideia','','ETHOS', true,107, now(), now());
INSERT INTO core.grupo_investigacion(nombre, descripcion, codigo_abreviacion, activo, numero_orden, fecha_creacion,fecha_modificacion) VALUES ('servipublicos','','SERVIPUBLICOS', true,108, now(), now());
INSERT INTO core.grupo_investigacion(nombre, descripcion, codigo_abreviacion, activo, numero_orden, fecha_creacion,fecha_modificacion) VALUES ('lengua viva','','LENGUA VIVA', true,109, now(), now());
INSERT INTO core.grupo_investigacion(nombre, descripcion, codigo_abreviacion, activo, numero_orden, fecha_creacion,fecha_modificacion) VALUES ('orden y caos','','ORCA', true,110, now(), now());
INSERT INTO core.grupo_investigacion(nombre, descripcion, codigo_abreviacion, activo, numero_orden, fecha_creacion,fecha_modificacion) VALUES ('quimica ambiental','','QUIMAM', true,111, now(), now());
INSERT INTO core.grupo_investigacion(nombre, descripcion, codigo_abreviacion, activo, numero_orden, fecha_creacion,fecha_modificacion) VALUES ('innovacion en tecnologias de informacion','','ITI', true,112, now(), now());
INSERT INTO core.grupo_investigacion(nombre, descripcion, codigo_abreviacion, activo, numero_orden, fecha_creacion,fecha_modificacion) VALUES ('jovenes culturas y poderes','','', true,113, now(), now());
INSERT INTO core.grupo_investigacion(nombre, descripcion, codigo_abreviacion, activo, numero_orden, fecha_creacion,fecha_modificacion) VALUES ('comunicación y sociedad en la cultura','','', true,114, now(), now());
INSERT INTO core.grupo_investigacion(nombre, descripcion, codigo_abreviacion, activo, numero_orden, fecha_creacion,fecha_modificacion) VALUES ('ALTERNACIENCIAS','','ALTERC', true,115, now(), now());
INSERT INTO core.grupo_investigacion(nombre, descripcion, codigo_abreviacion, activo, numero_orden, fecha_creacion,fecha_modificacion) VALUES ('log&ca y cadena de abastecimiento','','LOG&CA', true,116, now(), now());
INSERT INTO core.grupo_investigacion(nombre, descripcion, codigo_abreviacion, activo, numero_orden, fecha_creacion,fecha_modificacion) VALUES ('cultura, sexualidad y educación','','', true,117, now(), now());
INSERT INTO core.grupo_investigacion(nombre, descripcion, codigo_abreviacion, activo, numero_orden, fecha_creacion,fecha_modificacion) VALUES ('Física del medio ambiente y energía solar','','FMAES', true,118, now(), now());
INSERT INTO core.grupo_investigacion(nombre, descripcion, codigo_abreviacion, activo, numero_orden, fecha_creacion,fecha_modificacion) VALUES ('grupo física e informática','','FISINFOR', true,119, now(), now());
INSERT INTO core.grupo_investigacion(nombre, descripcion, codigo_abreviacion, activo, numero_orden, fecha_creacion,fecha_modificacion) VALUES ('equidad y diversidad en la educación','','', true,120, now(), now());
INSERT INTO core.grupo_investigacion(nombre, descripcion, codigo_abreviacion, activo, numero_orden, fecha_creacion,fecha_modificacion) VALUES ('diseño, modelamiento y simulación','','DIMSI', true,121, now(), now());
INSERT INTO core.grupo_investigacion(nombre, descripcion, codigo_abreviacion, activo, numero_orden, fecha_creacion,fecha_modificacion) VALUES ('armonico','','ARM', true,122, now(), now());
INSERT INTO core.grupo_investigacion(nombre, descripcion, codigo_abreviacion, activo, numero_orden, fecha_creacion,fecha_modificacion) VALUES ('historia, epistemologia y eduacion en matematicas','','GHEEMA', true,123, now(), now());
INSERT INTO core.grupo_investigacion(nombre, descripcion, codigo_abreviacion, activo, numero_orden, fecha_creacion,fecha_modificacion) VALUES ('investigacion en didáctica de las ciencias','','', true,124, now(), now());
INSERT INTO core.grupo_investigacion(nombre, descripcion, codigo_abreviacion, activo, numero_orden, fecha_creacion,fecha_modificacion) VALUES ('comunicación dialógica y democrática','','CEODEM', true,125, now(), now());
INSERT INTO core.grupo_investigacion(nombre, descripcion, codigo_abreviacion, activo, numero_orden, fecha_creacion,fecha_modificacion) VALUES ('investigacion en tic de aplicacion social','','GITICS', true,126, now(), now());
INSERT INTO core.grupo_investigacion(nombre, descripcion, codigo_abreviacion, activo, numero_orden, fecha_creacion,fecha_modificacion) VALUES ('Arquitecturas Modernas para Sistemas de Alimentación','','ARMOS', true,127, now(), now());
INSERT INTO core.grupo_investigacion(nombre, descripcion, codigo_abreviacion, activo, numero_orden, fecha_creacion,fecha_modificacion) VALUES ('INVESTUD','','INVESTUD', true,128, now(), now());
INSERT INTO core.grupo_investigacion(nombre, descripcion, codigo_abreviacion, activo, numero_orden, fecha_creacion,fecha_modificacion) VALUES ('cuestionArte','','CUESART', true,129, now(), now());
INSERT INTO core.grupo_investigacion(nombre, descripcion, codigo_abreviacion, activo, numero_orden, fecha_creacion,fecha_modificacion) VALUES ('lenguaje discurso y saberes','','', true,130, now(), now());
INSERT INTO core.grupo_investigacion(nombre, descripcion, codigo_abreviacion, activo, numero_orden, fecha_creacion,fecha_modificacion) VALUES ('spinsoft','','SPINSOFT', true,131, now(), now());
INSERT INTO core.grupo_investigacion(nombre, descripcion, codigo_abreviacion, activo, numero_orden, fecha_creacion,fecha_modificacion) VALUES ('narracion grafica','','NARGRAF', true,132, now(), now());
INSERT INTO core.grupo_investigacion(nombre, descripcion, codigo_abreviacion, activo, numero_orden, fecha_creacion,fecha_modificacion) VALUES ('grupo colombiano de liquenologia','','GCOL', true,133, now(), now());
INSERT INTO core.grupo_investigacion(nombre, descripcion, codigo_abreviacion, activo, numero_orden, fecha_creacion,fecha_modificacion) VALUES ('observatorio de niños y jovenes de la ud','','ONIJO', true,134, now(), now());
INSERT INTO core.grupo_investigacion(nombre, descripcion, codigo_abreviacion, activo, numero_orden, fecha_creacion,fecha_modificacion) VALUES ('investigación social en lenguajes y culturas','','ISCL', true,135, now(), now());
INSERT INTO core.grupo_investigacion(nombre, descripcion, codigo_abreviacion, activo, numero_orden, fecha_creacion,fecha_modificacion) VALUES ('interoperabilidad tecnologica y semantíca','','INTECSE', true,136, now(), now());
INSERT INTO core.grupo_investigacion(nombre, descripcion, codigo_abreviacion, activo, numero_orden, fecha_creacion,fecha_modificacion) VALUES ('gestion empresarial e inovacion tecnologica geit','','GEIT', true,137, now(), now());
INSERT INTO core.grupo_investigacion(nombre, descripcion, codigo_abreviacion, activo, numero_orden, fecha_creacion,fecha_modificacion) VALUES ('didácticas de las matemáticas','','DICMAT', true,138, now(), now());
INSERT INTO core.grupo_investigacion(nombre, descripcion, codigo_abreviacion, activo, numero_orden, fecha_creacion,fecha_modificacion) VALUES ('giira','','GIIRA', true,139, now(), now());
INSERT INTO core.grupo_investigacion(nombre, descripcion, codigo_abreviacion, activo, numero_orden, fecha_creacion,fecha_modificacion) VALUES ('Arte Danzario','','', true,140, now(), now());
INSERT INTO core.grupo_investigacion(nombre, descripcion, codigo_abreviacion, activo, numero_orden, fecha_creacion,fecha_modificacion) VALUES ('ciencias-matemáticas y tecnología','','C-MYT', true,141, now(), now());
INSERT INTO core.grupo_investigacion(nombre, descripcion, codigo_abreviacion, activo, numero_orden, fecha_creacion,fecha_modificacion) VALUES ('grupo de investigación grupadetnia','','GRUPADETNIA', true,142, now(), now());
INSERT INTO core.grupo_investigacion(nombre, descripcion, codigo_abreviacion, activo, numero_orden, fecha_creacion,fecha_modificacion) VALUES ('sonosfera','','SONFERA', true,143, now(), now());
INSERT INTO core.grupo_investigacion(nombre, descripcion, codigo_abreviacion, activo, numero_orden, fecha_creacion,fecha_modificacion) VALUES ('grupo de investigaciones en extensión','','UDINEX', true,144, now(), now());
INSERT INTO core.grupo_investigacion(nombre, descripcion, codigo_abreviacion, activo, numero_orden, fecha_creacion,fecha_modificacion) VALUES ('grupo adquisición y representación del conocimiento - sistemas expertos y simulación (arco ses)','','ARCO SES', true,145, now(), now());
INSERT INTO core.grupo_investigacion(nombre, descripcion, codigo_abreviacion, activo, numero_orden, fecha_creacion,fecha_modificacion) VALUES ('imago literaria','','IMLI', true,146, now(), now());
INSERT INTO core.grupo_investigacion(nombre, descripcion, codigo_abreviacion, activo, numero_orden, fecha_creacion,fecha_modificacion) VALUES ('bioquimica y biología molecular','','', true,147, now(), now());
INSERT INTO core.grupo_investigacion(nombre, descripcion, codigo_abreviacion, activo, numero_orden, fecha_creacion,fecha_modificacion) VALUES ('grupo de investigación metis','','METIS', true,148, now(), now());
INSERT INTO core.grupo_investigacion(nombre, descripcion, codigo_abreviacion, activo, numero_orden, fecha_creacion,fecha_modificacion) VALUES ('comercio electronico en colombia','','GICOECOL', true,149, now(), now());
INSERT INTO core.grupo_investigacion(nombre, descripcion, codigo_abreviacion, activo, numero_orden, fecha_creacion,fecha_modificacion) VALUES ('topovial','','TOPOVIAL', true,150, now(), now());
INSERT INTO core.grupo_investigacion(nombre, descripcion, codigo_abreviacion, activo, numero_orden, fecha_creacion,fecha_modificacion) VALUES ('dramaturgias del cuerpo y escrituras del espacio','','DRAMCUERPES', true,151, now(), now());
INSERT INTO core.grupo_investigacion(nombre, descripcion, codigo_abreviacion, activo, numero_orden, fecha_creacion,fecha_modificacion) VALUES ('modelos matemáticos aplicados a la industria','','MMAI', true,152, now(), now());
INSERT INTO core.grupo_investigacion(nombre, descripcion, codigo_abreviacion, activo, numero_orden, fecha_creacion,fecha_modificacion) VALUES ('investigación en gestión tecnológica','','DEDALO', true,153, now(), now());
INSERT INTO core.grupo_investigacion(nombre, descripcion, codigo_abreviacion, activo, numero_orden, fecha_creacion,fecha_modificacion) VALUES ('ingeniería y nanotecnologia para la vida','','INVID', true,154, now(), now());
INSERT INTO core.grupo_investigacion(nombre, descripcion, codigo_abreviacion, activo, numero_orden, fecha_creacion,fecha_modificacion) VALUES ('neurociencias','','GINUD', true,155, now(), now());
INSERT INTO core.grupo_investigacion(nombre, descripcion, codigo_abreviacion, activo, numero_orden, fecha_creacion,fecha_modificacion) VALUES ('juegos infantiles de colombia, diseño y organización de ludotecas','','', true,156, now(), now());
INSERT INTO core.grupo_investigacion(nombre, descripcion, codigo_abreviacion, activo, numero_orden, fecha_creacion,fecha_modificacion) VALUES ('instrumentación quimica','','', true,157, now(), now());
INSERT INTO core.grupo_investigacion(nombre, descripcion, codigo_abreviacion, activo, numero_orden, fecha_creacion,fecha_modificacion) VALUES ('carbones','','', true,158, now(), now());
INSERT INTO core.grupo_investigacion(nombre, descripcion, codigo_abreviacion, activo, numero_orden, fecha_creacion,fecha_modificacion) VALUES ('gestión de proyectos informáticos','','GEPRINFO', true,159, now(), now());
INSERT INTO core.grupo_investigacion(nombre, descripcion, codigo_abreviacion, activo, numero_orden, fecha_creacion,fecha_modificacion) VALUES ('instrumentación, automatización y redes de aplicación industrial','','INTEGRA', true,160, now(), now());
INSERT INTO core.grupo_investigacion(nombre, descripcion, codigo_abreviacion, activo, numero_orden, fecha_creacion,fecha_modificacion) VALUES ('grupo de investigación en telemedicina','','GITEM', true,161, now(), now());
INSERT INTO core.grupo_investigacion(nombre, descripcion, codigo_abreviacion, activo, numero_orden, fecha_creacion,fecha_modificacion) VALUES ('física, matemáticas y computación','','FIZMAKO', true,162, now(), now());
INSERT INTO core.grupo_investigacion(nombre, descripcion, codigo_abreviacion, activo, numero_orden, fecha_creacion,fecha_modificacion) VALUES ('nucleo investigacion en datos espaciales','','NIDE', true,163, now(), now());
INSERT INTO core.grupo_investigacion(nombre, descripcion, codigo_abreviacion, activo, numero_orden, fecha_creacion,fecha_modificacion) VALUES ('grupo de investigación para la creación artística','','', true,164, now(), now());
INSERT INTO core.grupo_investigacion(nombre, descripcion, codigo_abreviacion, activo, numero_orden, fecha_creacion,fecha_modificacion) VALUES ('Grupo de Investigación en Sistemas Eléctricos y Eficiencia Energética','','GISE3', true,165, now(), now());
INSERT INTO core.grupo_investigacion(nombre, descripcion, codigo_abreviacion, activo, numero_orden, fecha_creacion,fecha_modificacion) VALUES ('aquaformat','','AQUAFORMAT', true,166, now(), now());
INSERT INTO core.grupo_investigacion(nombre, descripcion, codigo_abreviacion, activo, numero_orden, fecha_creacion,fecha_modificacion) VALUES ('robótica móvil autónoma','','ROMA', true,167, now(), now());
INSERT INTO core.grupo_investigacion(nombre, descripcion, codigo_abreviacion, activo, numero_orden, fecha_creacion,fecha_modificacion) VALUES ('Biodiversidad de Alta Montaña','','BAM', true,168, now(), now());
INSERT INTO core.grupo_investigacion(nombre, descripcion, codigo_abreviacion, activo, numero_orden, fecha_creacion,fecha_modificacion) VALUES ('gestion integrada de recursos y cambio climatico','','GIRCA', true,169, now(), now());
INSERT INTO core.grupo_investigacion(nombre, descripcion, codigo_abreviacion, activo, numero_orden, fecha_creacion,fecha_modificacion) VALUES ('zaita','','ZAITA', true,170, now(), now());
INSERT INTO core.grupo_investigacion(nombre, descripcion, codigo_abreviacion, activo, numero_orden, fecha_creacion,fecha_modificacion) VALUES ('gestión de sistemas energéticos','','GESETIC', true,171, now(), now());
INSERT INTO core.grupo_investigacion(nombre, descripcion, codigo_abreviacion, activo, numero_orden, fecha_creacion,fecha_modificacion) VALUES ('gaia (progasp)','','PROGASP', true,172, now(), now());
INSERT INTO core.grupo_investigacion(nombre, descripcion, codigo_abreviacion, activo, numero_orden, fecha_creacion,fecha_modificacion) VALUES ('galatea','','GALATEA', true,173, now(), now());
INSERT INTO core.grupo_investigacion(nombre, descripcion, codigo_abreviacion, activo, numero_orden, fecha_creacion,fecha_modificacion) VALUES ('ASTRO UD SABIO CALDAS','','ASTROUD', true,174, now(), now());
INSERT INTO core.grupo_investigacion(nombre, descripcion, codigo_abreviacion, activo, numero_orden, fecha_creacion,fecha_modificacion) VALUES ('laboratorio de automatizacion sistemas embebidos y robotica: laser','','LASER', true,175, now(), now());
INSERT INTO core.grupo_investigacion(nombre, descripcion, codigo_abreviacion, activo, numero_orden, fecha_creacion,fecha_modificacion) VALUES ('mattopo','','MATTOPO', true,176, now(), now());
INSERT INTO core.grupo_investigacion(nombre, descripcion, codigo_abreviacion, activo, numero_orden, fecha_creacion,fecha_modificacion) VALUES ('malinche','','MAL', true,177, now(), now());
INSERT INTO core.grupo_investigacion(nombre, descripcion, codigo_abreviacion, activo, numero_orden, fecha_creacion,fecha_modificacion) VALUES ('CREACION LINGUARTIC','','LINGUARTIC', true,178, now(), now());
INSERT INTO core.grupo_investigacion(nombre, descripcion, codigo_abreviacion, activo, numero_orden, fecha_creacion,fecha_modificacion) VALUES ('EDUMAT','','EDUMAT', true,179, now(), now());
INSERT INTO core.grupo_investigacion(nombre, descripcion, codigo_abreviacion, activo, numero_orden, fecha_creacion,fecha_modificacion) VALUES ('educación en ciencias experimentales','','GREECE', true,180, now(), now());
INSERT INTO core.grupo_investigacion(nombre, descripcion, codigo_abreviacion, activo, numero_orden, fecha_creacion,fecha_modificacion) VALUES ('aprendizaje y sociedad de la información','','APSOIN', true,181, now(), now());
INSERT INTO core.grupo_investigacion(nombre, descripcion, codigo_abreviacion, activo, numero_orden, fecha_creacion,fecha_modificacion) VALUES ('Infancias','','INFANCIAS', true,182, now(), now());
INSERT INTO core.grupo_investigacion(nombre, descripcion, codigo_abreviacion, activo, numero_orden, fecha_creacion,fecha_modificacion) VALUES ('uso y conservación de la diversidad forestal','','', true,183, now(), now());
INSERT INTO core.grupo_investigacion(nombre, descripcion, codigo_abreviacion, activo, numero_orden, fecha_creacion,fecha_modificacion) VALUES ('investigaciones en música y artes plásticas','','MARTPL', true,184, now(), now());
INSERT INTO core.grupo_investigacion(nombre, descripcion, codigo_abreviacion, activo, numero_orden, fecha_creacion,fecha_modificacion) VALUES ('lenguaje y tecnología','','LENTE', true,185, now(), now());
INSERT INTO core.grupo_investigacion(nombre, descripcion, codigo_abreviacion, activo, numero_orden, fecha_creacion,fecha_modificacion) VALUES ('investigación para el desarrollo sostenible','','INDESOS', true,186, now(), now());
INSERT INTO core.grupo_investigacion(nombre, descripcion, codigo_abreviacion, activo, numero_orden, fecha_creacion,fecha_modificacion) VALUES ('genesis deportiva','','GEDEP', true,187, now(), now());
INSERT INTO core.grupo_investigacion(nombre, descripcion, codigo_abreviacion, activo, numero_orden, fecha_creacion,fecha_modificacion) VALUES ('representación, discurso y poder','','', true,188, now(), now());
INSERT INTO core.grupo_investigacion(nombre, descripcion, codigo_abreviacion, activo, numero_orden, fecha_creacion,fecha_modificacion) VALUES ('estudios criticos de politicas educativas','','ESTUPOLI', true,189, now(), now());
INSERT INTO core.grupo_investigacion(nombre, descripcion, codigo_abreviacion, activo, numero_orden, fecha_creacion,fecha_modificacion) VALUES ('ecología y conservación de plantas de colombia - giecpc','','GIECPC', true,190, now(), now());
INSERT INTO core.grupo_investigacion(nombre, descripcion, codigo_abreviacion, activo, numero_orden, fecha_creacion,fecha_modificacion) VALUES ('vivencias','','VIVENCIAS', true,191, now(), now());
INSERT INTO core.grupo_investigacion(nombre, descripcion, codigo_abreviacion, activo, numero_orden, fecha_creacion,fecha_modificacion) VALUES ('giicud: grupo de investigación en ingeniería civil de la universidad distrita','','GIICUD', true,192, now(), now());
INSERT INTO core.grupo_investigacion(nombre, descripcion, codigo_abreviacion, activo, numero_orden, fecha_creacion,fecha_modificacion) VALUES ('gesdatos','','GESDATOS', true,193, now(), now());
INSERT INTO core.grupo_investigacion(nombre, descripcion, codigo_abreviacion, activo, numero_orden, fecha_creacion,fecha_modificacion) VALUES ('unidad de investigacion en el area de armonia','','', true,194, now(), now());
INSERT INTO core.grupo_investigacion(nombre, descripcion, codigo_abreviacion, activo, numero_orden, fecha_creacion,fecha_modificacion) VALUES ('grupo de investigación interdisciplinaria en pedagogía del lenguaje y las matemáticas','','', true,195, now(), now());
INSERT INTO core.grupo_investigacion(nombre, descripcion, codigo_abreviacion, activo, numero_orden, fecha_creacion,fecha_modificacion) VALUES ('desercion y permanencia','','DEPER', true,196, now(), now());
INSERT INTO core.grupo_investigacion(nombre, descripcion, codigo_abreviacion, activo, numero_orden, fecha_creacion,fecha_modificacion) VALUES ('bionanotecnología','','', true,197, now(), now());
INSERT INTO core.grupo_investigacion(nombre, descripcion, codigo_abreviacion, activo, numero_orden, fecha_creacion,fecha_modificacion) VALUES ('grupo de lenguaje, identidad y cultura','','GLIC', true,198, now(), now());
INSERT INTO core.grupo_investigacion(nombre, descripcion, codigo_abreviacion, activo, numero_orden, fecha_creacion,fecha_modificacion) VALUES ('marat derechos humanos','','', true,199, now(), now());
INSERT INTO core.grupo_investigacion(nombre, descripcion, codigo_abreviacion, activo, numero_orden, fecha_creacion,fecha_modificacion) VALUES ('TECNOLOGIAS PARA LA VIVIENDA','','', true,200, now(), now());
INSERT INTO core.grupo_investigacion(nombre, descripcion, codigo_abreviacion, activo, numero_orden, fecha_creacion,fecha_modificacion) VALUES ('optimizacion (gio)','','GIO', true,201, now(), now());
INSERT INTO core.grupo_investigacion(nombre, descripcion, codigo_abreviacion, activo, numero_orden, fecha_creacion,fecha_modificacion) VALUES ('geopaideia','','GEOPAIDEIA', true,202, now(), now());
INSERT INTO core.grupo_investigacion(nombre, descripcion, codigo_abreviacion, activo, numero_orden, fecha_creacion,fecha_modificacion) VALUES ('ecaes universidad distrital francisco josé de caldas','','ECAES UDFI', true,203, now(), now());
INSERT INTO core.grupo_investigacion(nombre, descripcion, codigo_abreviacion, activo, numero_orden, fecha_creacion,fecha_modificacion) VALUES ('interculturalidad, ciencia y tecnología','','INTERCITEC', true,204, now(), now());
INSERT INTO core.grupo_investigacion(nombre, descripcion, codigo_abreviacion, activo, numero_orden, fecha_creacion,fecha_modificacion) VALUES ('geoanalisis','','GEOANALISIS', true,205, now(), now());
INSERT INTO core.grupo_investigacion(nombre, descripcion, codigo_abreviacion, activo, numero_orden, fecha_creacion,fecha_modificacion) VALUES ('sesibilidades y culturas del sur global','','SECUGLO', true,206, now(), now());
INSERT INTO core.grupo_investigacion(nombre, descripcion, codigo_abreviacion, activo, numero_orden, fecha_creacion,fecha_modificacion) VALUES ('imaginet','','', true,207, now(), now());
INSERT INTO core.grupo_investigacion(nombre, descripcion, codigo_abreviacion, activo, numero_orden, fecha_creacion,fecha_modificacion) VALUES ('proteoma ud','','PROTEOMA', true,208, now(), now());
INSERT INTO core.grupo_investigacion(nombre, descripcion, codigo_abreviacion, activo, numero_orden, fecha_creacion,fecha_modificacion) VALUES ('cyberia','','CYBERIA', true,209, now(), now());
INSERT INTO core.grupo_investigacion(nombre, descripcion, codigo_abreviacion, activo, numero_orden, fecha_creacion,fecha_modificacion) VALUES ('grupo de compatibilidad e interferencia electromagnetica','','GCEM', true,210, now(), now());
INSERT INTO core.grupo_investigacion(nombre, descripcion, codigo_abreviacion, activo, numero_orden, fecha_creacion,fecha_modificacion) VALUES ('música arte y contexto coma','','', true,211, now(), now());
INSERT INTO core.grupo_investigacion(nombre, descripcion, codigo_abreviacion, activo, numero_orden, fecha_creacion,fecha_modificacion) VALUES ('grupo de investigación en monitoreo ambienta','','GIRMA', true,212, now(), now());
INSERT INTO core.grupo_investigacion(nombre, descripcion, codigo_abreviacion, activo, numero_orden, fecha_creacion,fecha_modificacion) VALUES ('bionemesis','','BIONEMESIS', true,213, now(), now());
INSERT INTO core.grupo_investigacion(nombre, descripcion, codigo_abreviacion, activo, numero_orden, fecha_creacion,fecha_modificacion) VALUES ('sheq','','', true,214, now(), now());
INSERT INTO core.grupo_investigacion(nombre, descripcion, codigo_abreviacion, activo, numero_orden, fecha_creacion,fecha_modificacion) VALUES ('productos y servicios del bosque (proprobos)','','PROPROBOS', true,215, now(), now());
INSERT INTO core.grupo_investigacion(nombre, descripcion, codigo_abreviacion, activo, numero_orden, fecha_creacion,fecha_modificacion) VALUES ('ciencia y tecnologia nuclear','','', true,216, now(), now());
INSERT INTO core.grupo_investigacion(nombre, descripcion, codigo_abreviacion, activo, numero_orden, fecha_creacion,fecha_modificacion) VALUES ('radiacion electromagnetica y comunicaciones opticas: greco','','GRECO', true,217, now(), now());
INSERT INTO core.grupo_investigacion(nombre, descripcion, codigo_abreviacion, activo, numero_orden, fecha_creacion,fecha_modificacion) VALUES ('grupo de investigación en inteligencia artificia','','IAFT', true,218, now(), now());
INSERT INTO core.grupo_investigacion(nombre, descripcion, codigo_abreviacion, activo, numero_orden, fecha_creacion,fecha_modificacion) VALUES ('laboratorio de investigacion y desarrollo en electronica y redes','','LIDER', true,219, now(), now());
INSERT INTO core.grupo_investigacion(nombre, descripcion, codigo_abreviacion, activo, numero_orden, fecha_creacion,fecha_modificacion) VALUES ('biología enseñanza y realidades','','', true,220, now(), now());
INSERT INTO core.grupo_investigacion(nombre, descripcion, codigo_abreviacion, activo, numero_orden, fecha_creacion,fecha_modificacion) VALUES ('GEOS','','GEOS', true,221, now(), now());
INSERT INTO core.grupo_investigacion(nombre, descripcion, codigo_abreviacion, activo, numero_orden, fecha_creacion,fecha_modificacion) VALUES ('athanor','','AT', true,222, now(), now());
INSERT INTO core.grupo_investigacion(nombre, descripcion, codigo_abreviacion, activo, numero_orden, fecha_creacion,fecha_modificacion) VALUES ('ambientes virtuales de aprendizaje. virtus','','VIRTUS', true,223, now(), now());
INSERT INTO core.grupo_investigacion(nombre, descripcion, codigo_abreviacion, activo, numero_orden, fecha_creacion,fecha_modificacion) VALUES ('Estudios Culturales y Visuales','','', true,224, now(), now());
INSERT INTO core.grupo_investigacion(nombre, descripcion, codigo_abreviacion, activo, numero_orden, fecha_creacion,fecha_modificacion) VALUES ('grupo de investigación en calidad ambiental','','GICA', true,225, now(), now());
INSERT INTO core.grupo_investigacion(nombre, descripcion, codigo_abreviacion, activo, numero_orden, fecha_creacion,fecha_modificacion) VALUES ('grupo de instrumentación cientifica & didáctica','','', true,226, now(), now());
INSERT INTO core.grupo_investigacion(nombre, descripcion, codigo_abreviacion, activo, numero_orden, fecha_creacion,fecha_modificacion) VALUES ('investigación en didáctica de la quimica','','DIDAQUIM', true,227, now(), now());
INSERT INTO core.grupo_investigacion(nombre, descripcion, codigo_abreviacion, activo, numero_orden, fecha_creacion,fecha_modificacion) VALUES ('Lenguaje, Cultura y Medios','','LECME', true,228, now(), now());
INSERT INTO core.grupo_investigacion(nombre, descripcion, codigo_abreviacion, activo, numero_orden, fecha_creacion,fecha_modificacion) VALUES ('grupo de investigación en gestión pública, avalúos y urbanismo','','GIGA', true,229, now(), now());
INSERT INTO core.grupo_investigacion(nombre, descripcion, codigo_abreviacion, activo, numero_orden, fecha_creacion,fecha_modificacion) VALUES ('seguridad informática embebida','','SIE', true,230, now(), now());
INSERT INTO core.grupo_investigacion(nombre, descripcion, codigo_abreviacion, activo, numero_orden, fecha_creacion,fecha_modificacion) VALUES ('grupo de estudio de física de los materiales','','GRESFIMA', true,231, now(), now());
INSERT INTO core.grupo_investigacion(nombre, descripcion, codigo_abreviacion, activo, numero_orden, fecha_creacion,fecha_modificacion) VALUES ('educación y cultura política','','EDUCULPOL', true,232, now(), now());
INSERT INTO core.grupo_investigacion(nombre, descripcion, codigo_abreviacion, activo, numero_orden, fecha_creacion,fecha_modificacion) VALUES ('sistemas y redes cognitivas','','SIREC', true,233, now(), now());
INSERT INTO core.grupo_investigacion(nombre, descripcion, codigo_abreviacion, activo, numero_orden, fecha_creacion,fecha_modificacion) VALUES ('gidetci','','GIDETCI', true,234, now(), now());
INSERT INTO core.grupo_investigacion(nombre, descripcion, codigo_abreviacion, activo, numero_orden, fecha_creacion,fecha_modificacion) VALUES ('enseñanza de las ciencias y las matemáticas encima','','ENCIMA', true,235, now(), now());
INSERT INTO core.grupo_investigacion(nombre, descripcion, codigo_abreviacion, activo, numero_orden, fecha_creacion,fecha_modificacion) VALUES ('representaciones y conceptos científicos','','IREC', true,236, now(), now());
INSERT INTO core.grupo_investigacion(nombre, descripcion, codigo_abreviacion, activo, numero_orden, fecha_creacion,fecha_modificacion) VALUES ('ciencias básicas','','SCIBAS', true,237, now(), now());
INSERT INTO core.grupo_investigacion(nombre, descripcion, codigo_abreviacion, activo, numero_orden, fecha_creacion,fecha_modificacion) VALUES ('physikalish','','PHYSIKALISCH', true,238, now(), now());
INSERT INTO core.grupo_investigacion(nombre, descripcion, codigo_abreviacion, activo, numero_orden, fecha_creacion,fecha_modificacion) VALUES ('multimedia interactiva y animacion digital','','MULTI', true,239, now(), now());
INSERT INTO core.grupo_investigacion(nombre, descripcion, codigo_abreviacion, activo, numero_orden, fecha_creacion,fecha_modificacion) VALUES ('fluoreciencia, ciencia para todos','','FLUORECIENCIA', true,240, now(), now());
INSERT INTO core.grupo_investigacion(nombre, descripcion, codigo_abreviacion, activo, numero_orden, fecha_creacion,fecha_modificacion) VALUES ('prevencion y atencion de desastres','','GIDPAD', true,241, now(), now());
INSERT INTO core.grupo_investigacion(nombre, descripcion, codigo_abreviacion, activo, numero_orden, fecha_creacion,fecha_modificacion) VALUES ('AGROINDUSTRIA, TECNOLOGIA Y ENERGIAS INNOVADORAS','','AGROTEIN', true,242, now(), now());
INSERT INTO core.grupo_investigacion(nombre, descripcion, codigo_abreviacion, activo, numero_orden, fecha_creacion,fecha_modificacion) VALUES ('orion','','ORION', true,243, now(), now());
INSERT INTO core.grupo_investigacion(nombre, descripcion, codigo_abreviacion, activo, numero_orden, fecha_creacion,fecha_modificacion) VALUES ('SOPHIA SPORTS','','SOPS', true,244, now(), now());
INSERT INTO core.grupo_investigacion(nombre, descripcion, codigo_abreviacion, activo, numero_orden, fecha_creacion,fecha_modificacion) VALUES ('investigacion en ciencia de materiales y minerales','','ICMM-UD', true,245, now(), now());
INSERT INTO core.grupo_investigacion(nombre, descripcion, codigo_abreviacion, activo, numero_orden, fecha_creacion,fecha_modificacion) VALUES ('GESTION VITAL','','GEVITAL', true,246, now(), now());
INSERT INTO core.grupo_investigacion(nombre, descripcion, codigo_abreviacion, activo, numero_orden, fecha_creacion,fecha_modificacion) VALUES ('giiaud','','GIIAUD', true,247, now(), now());
INSERT INTO core.grupo_investigacion(nombre, descripcion, codigo_abreviacion, activo, numero_orden, fecha_creacion,fecha_modificacion) VALUES ('DISCURSOS PEDAGOGICOS EN LA EDUCACION RURAL','','DPER', true,248, now(), now());

-- inserts core.linea_investigacion
INSERT INTO core.linea_investigacion(id,nombre, descripcion, codigo_abreviacion, activo, numero_orden, fecha_creacion,fecha_modificacion) VALUES (1,'satelites','investigacion en satelites','', true,1, now(), now());

-- inserts core.linea_investigacion_grupo_investigacion
INSERT INTO core.linea_investigacion_grupo_investigacion(id,grupo_investigacion_id, linea_investigacion_id, activo, fecha_creacion,fecha_modificacion) VALUES (1,1,1,true,now(), now());